ID,Pred
2019_1101_1113,0.7512760631091518
2019_1101_1120,0.5063172566939856
2019_1101_1124,0.23743825955753572
2019_1101_1125,0.3042318713876343
2019_1101_1133,0.88058221820882
2019_1101_1138,0.06663883975775808
2019_1101_1153,0.043801651674514
2019_1101_1159,0.4390649613024651
2019_1101_1181,0.36863257657688175
2019_1101_1192,0.7342755663875253
2019_1101_1196,0.8964788473201459
2019_1101_1199,0.353740450347669
2019_1101_1205,0.8929231183451293
2019_1101_1209,0.7165377245222341
2019_1101_1211,0.7069240516885236
2019_1101_1222,0.4530829137101745
2019_1101_1233,0.5295499672924757
2019_1101_1234,0.9847273821738142
2019_1101_1235,0.2441468015895476
2019_1101_1242,0.04574622274451523
2019_1101_1243,0.589586375634183
2019_1101_1246,0.7792487532362037
2019_1101_1251,0.6304834190331858
2019_1101_1257,0.45345141632676345
2019_1101_1261,0.6585823572151208
2019_1101_1266,0.45444502247538143
2019_1101_1268,0.7643756055020381
2019_1101_1276,0.8178773431889221
2019_1101_1277,0.8351656892516497
2019_1101_1278,0.9544129227258298
2019_1101_1279,0.37338343569529875
2019_1101_1280,0.2684254092103072
2019_1101_1285,0.7180142686448034
2019_1101_1293,0.6922696618761828
2019_1101_1295,0.8405321238462736
2019_1101_1297,0.9150572068011233
2019_1101_1300,0.29558493484227566
2019_1101_1305,0.376803892795168
2019_1101_1308,0.4220906224082862
2019_1101_1314,0.7725747965834464
2019_1101_1318,0.3855066880516831
2019_1101_1326,0.9371129901718053
2019_1101_1328,0.057386803873584524
2019_1101_1330,0.4924666766237398
2019_1101_1332,0.6677604807300701
2019_1101_1341,0.004930190688867908
2019_1101_1345,0.2896602838944321
2019_1101_1371,0.7108884930310757
2019_1101_1385,0.756176261492282
2019_1101_1387,0.2776322719271155
2019_1101_1388,0.7971115450549731
2019_1101_1393,0.08445580128262653
2019_1101_1396,0.46434431744826554
2019_1101_1397,0.43899079088805415
2019_1101_1403,0.6114165206702685
2019_1101_1414,0.3328303137994858
2019_1101_1416,0.776581591669135
2019_1101_1429,0.36613766536774506
2019_1101_1433,0.03583040263050252
2019_1101_1436,0.09519270756809595
2019_1101_1437,0.11930389924508289
2019_1101_1438,0.26406909526299216
2019_1101_1439,0.1395821027401417
2019_1101_1449,0.5264817329234431
2019_1101_1458,0.8668533439239263
2019_1101_1459,0.45621826813461164
2019_1101_1463,0.18924032855567818
2019_1113_1120,0.38358037150417057
2019_1113_1124,0.974500572311498
2019_1113_1125,0.023528427202735513
2019_1113_1133,0.9249934364856947
2019_1113_1138,0.5566502207867748
2019_1113_1153,0.6874729092782347
2019_1113_1159,0.38633540500521535
2019_1113_1181,0.6604173588035941
2019_1113_1192,0.787129989666757
2019_1113_1196,0.29003101031687195
2019_1113_1199,0.8355190099925797
2019_1113_1205,0.07807089487330465
2019_1113_1209,0.5987518362605168
2019_1113_1211,0.11055295751308769
2019_1113_1222,0.1897516047475286
2019_1113_1233,0.27228180232792054
2019_1113_1234,0.6206860194249303
2019_1113_1235,0.7519911577704262
2019_1113_1242,0.7477335762051632
2019_1113_1243,0.22545526825325102
2019_1113_1246,0.28905196483076856
2019_1113_1251,0.16386352481145972
2019_1113_1257,0.9360653917294346
2019_1113_1261,0.7097397720487014
2019_1113_1266,0.6118488404396636
2019_1113_1268,0.23600683205850403
2019_1113_1276,0.569132743380017
2019_1113_1277,0.31560483137058903
2019_1113_1278,0.4757250669505675
2019_1113_1279,0.9893251132272507
2019_1113_1280,0.4602948541647218
2019_1113_1285,0.8362644888292107
2019_1113_1293,0.13409151217526438
2019_1113_1295,0.7776030803916124
2019_1113_1297,0.7392277359111178
2019_1113_1300,0.48472829919549976
2019_1113_1305,0.24808953670218836
2019_1113_1308,0.3141734321342817
2019_1113_1314,0.02844242557926424
2019_1113_1318,0.1447625284407007
2019_1113_1326,0.6208405347831132
2019_1113_1328,0.6007793318490228
2019_1113_1330,0.15809144366294392
2019_1113_1332,0.4193629485512207
2019_1113_1341,0.5447157345282111
2019_1113_1345,0.2004000187028887
2019_1113_1371,0.5024949564064483
2019_1113_1385,0.14820600602102152
2019_1113_1387,0.8386752416241299
2019_1113_1388,0.7802816671374387
2019_1113_1393,0.8137701131175206
2019_1113_1396,0.3151601623882845
2019_1113_1397,0.01196016776787523
2019_1113_1403,0.7225452319474542
2019_1113_1414,0.10616959947936955
2019_1113_1416,0.6170159616348869
2019_1113_1429,0.5589467722435164
2019_1113_1433,0.7578728479019966
2019_1113_1436,0.8535619234290588
2019_1113_1437,0.8780849275831528
2019_1113_1438,0.33491358901578194
2019_1113_1439,0.8951021029208052
2019_1113_1449,0.2294331935373648
2019_1113_1458,0.3558601942769296
2019_1113_1459,0.036737620264626125
2019_1113_1463,0.30738332931697876
2019_1120_1124,0.9683863674604983
2019_1120_1125,0.8639466113880604
2019_1120_1133,0.3807469125611538
2019_1120_1138,0.16544492223313778
2019_1120_1153,0.18638329971969125
2019_1120_1159,0.8348441025535757
2019_1120_1181,0.27777247165418384
2019_1120_1192,0.552899661406107
2019_1120_1196,0.8431314493583143
2019_1120_1199,0.45342504742367495
2019_1120_1205,0.5587630146158591
2019_1120_1209,0.4244590703591773
2019_1120_1211,0.7254747481011508
2019_1120_1222,0.4265988493257332
2019_1120_1233,0.25498807057665984
2019_1120_1234,0.2730098754129985
2019_1120_1235,0.3386426984967402
2019_1120_1242,0.9512904228858031
2019_1120_1243,0.024723278295862294
2019_1120_1246,0.3816229879365647
2019_1120_1251,0.9974227521592075
2019_1120_1257,0.06280110070351075
2019_1120_1261,0.03281265842649028
2019_1120_1266,0.28352034220459454
2019_1120_1268,0.004084243840763224
2019_1120_1276,0.6330569852572606
2019_1120_1277,0.22063518658943393
2019_1120_1278,0.8850536713312149
2019_1120_1279,0.8643373220267389
2019_1120_1280,0.8124059422169979
2019_1120_1285,0.46658824545994226
2019_1120_1293,0.8516363655177644
2019_1120_1295,0.12231876902850125
2019_1120_1297,0.017570390066168673
2019_1120_1300,0.6378973238087937
2019_1120_1305,0.8911757046181227
2019_1120_1308,0.5117363273139294
2019_1120_1314,0.972505529545605
2019_1120_1318,0.14471647407292876
2019_1120_1326,0.12809527770982798
2019_1120_1328,0.2114512905182987
2019_1120_1330,0.14351411682949944
2019_1120_1332,0.07549383177037894
2019_1120_1341,0.954955455528402
2019_1120_1345,0.1866559995087681
2019_1120_1371,0.4847707350759225
2019_1120_1385,0.00965657905152717
2019_1120_1387,0.3302794528628984
2019_1120_1388,0.6901384893778112
2019_1120_1393,0.1329246171134757
2019_1120_1396,0.9452363134666534
2019_1120_1397,0.03368294463294075
2019_1120_1403,0.6930297501700745
2019_1120_1414,0.9887959739136555
2019_1120_1416,0.4568924540148527
2019_1120_1429,0.6567666123440328
2019_1120_1433,0.946037920795123
2019_1120_1436,0.7591440882006242
2019_1120_1437,0.486061588145431
2019_1120_1438,0.42025282460458413
2019_1120_1439,0.3387297901325972
2019_1120_1449,0.20703301959058706
2019_1120_1458,0.3664718519169544
2019_1120_1459,0.9359945043616058
2019_1120_1463,0.02380979712015341
2019_1124_1125,0.23579945432295302
2019_1124_1133,0.9582069477129084
2019_1124_1138,0.4732506538281296
2019_1124_1153,0.03420497541383394
2019_1124_1159,0.36214244986441035
2019_1124_1181,0.948252255006971
2019_1124_1192,0.5694362857316061
2019_1124_1196,0.9247248861165522
2019_1124_1199,0.15785134928966515
2019_1124_1205,0.05312476290440726
2019_1124_1209,0.6076687988963729
2019_1124_1211,0.035526070257605014
2019_1124_1222,0.3300109856321566
2019_1124_1233,0.20093337864867167
2019_1124_1234,0.6142254523055155
2019_1124_1235,0.621746384620593
2019_1124_1242,0.8337934540121257
2019_1124_1243,0.671336455351702
2019_1124_1246,0.5758185888670301
2019_1124_1251,0.8761748676983806
2019_1124_1257,0.8764393512125548
2019_1124_1261,0.4968975304895785
2019_1124_1266,0.6675969747924807
2019_1124_1268,0.13558048966099023
2019_1124_1276,0.5529513456843818
2019_1124_1277,0.19892627477601166
2019_1124_1278,0.6177325100693887
2019_1124_1279,0.7192934120762081
2019_1124_1280,0.6604640683554933
2019_1124_1285,0.3134998627347222
2019_1124_1293,0.6335281177312571
2019_1124_1295,0.33666925949320237
2019_1124_1297,0.3380851463685016
2019_1124_1300,0.7064769087112578
2019_1124_1305,0.5867266902968261
2019_1124_1308,0.4965524920179827
2019_1124_1314,0.3151975491931791
2019_1124_1318,0.786689145643308
2019_1124_1326,0.6059608031187542
2019_1124_1328,0.9931009680756433
2019_1124_1330,0.6679738429840736
2019_1124_1332,0.8345311781972502
2019_1124_1341,0.04060201153737719
2019_1124_1345,0.36882198530290955
2019_1124_1371,0.3438133021633891
2019_1124_1385,0.7637378264351489
2019_1124_1387,0.9074871076173349
2019_1124_1388,0.8813013884465837
2019_1124_1393,0.501757485010784
2019_1124_1396,0.9013762428002835
2019_1124_1397,0.7497171768177534
2019_1124_1403,0.4272240318021261
2019_1124_1414,0.36760179622781264
2019_1124_1416,0.468054568351601
2019_1124_1429,0.465862683662447
2019_1124_1433,0.9886011463027236
2019_1124_1436,0.025449537236843733
2019_1124_1437,0.035779868145831895
2019_1124_1438,0.28215369468158435
2019_1124_1439,0.1222361133597274
2019_1124_1449,0.7441018813096992
2019_1124_1458,0.6842291043256881
2019_1124_1459,0.008837098838098245
2019_1124_1463,0.5020982407666974
2019_1125_1133,0.4371457976028782
2019_1125_1138,0.5155295638979583
2019_1125_1153,0.6479228366032247
2019_1125_1159,0.7023774649253016
2019_1125_1181,0.8038016781154118
2019_1125_1192,0.2273767371939721
2019_1125_1196,0.8493486473768979
2019_1125_1199,0.27241376522893246
2019_1125_1205,0.5385663202651014
2019_1125_1209,0.8082819027463609
2019_1125_1211,0.11369208670199948
2019_1125_1222,0.28536069834686084
2019_1125_1233,0.7124461505782191
2019_1125_1234,0.22192426045818403
2019_1125_1235,0.10415081261815584
2019_1125_1242,0.4361264332217639
2019_1125_1243,0.7213271914587039
2019_1125_1246,0.8366875580653383
2019_1125_1251,0.36346943663034303
2019_1125_1257,0.6284588231669271
2019_1125_1261,0.3425423914605934
2019_1125_1266,0.4428191724954048
2019_1125_1268,0.7708025548258921
2019_1125_1276,0.3009078567474518
2019_1125_1277,0.7597170069754287
2019_1125_1278,0.4428970465539761
2019_1125_1279,0.6229791173856711
2019_1125_1280,0.37500242768580494
2019_1125_1285,0.3391172686025111
2019_1125_1293,0.14080921259668044
2019_1125_1295,0.0984427453019191
2019_1125_1297,0.4883387923076221
2019_1125_1300,0.18397233719021622
2019_1125_1305,0.15957311278702846
2019_1125_1308,0.03020499657894904
2019_1125_1314,0.09008773947042137
2019_1125_1318,0.9213096104440746
2019_1125_1326,0.15752705112690635
2019_1125_1328,0.5372352735103911
2019_1125_1330,0.5878963486669084
2019_1125_1332,0.9203959135728352
2019_1125_1341,0.18826216067432666
2019_1125_1345,0.6121822500938859
2019_1125_1371,0.7319581260036613
2019_1125_1385,0.018443831952610013
2019_1125_1387,0.41400129768120764
2019_1125_1388,0.05452534568655609
2019_1125_1393,0.815973574813946
2019_1125_1396,0.6661337935094059
2019_1125_1397,0.8085542698583679
2019_1125_1403,0.760120837459377
2019_1125_1414,0.8704305298190151
2019_1125_1416,0.5861509246912564
2019_1125_1429,0.5041178992531024
2019_1125_1433,0.9594696798984478
2019_1125_1436,0.046733150527342504
2019_1125_1437,0.18843999914248044
2019_1125_1438,0.23137744797983906
2019_1125_1439,0.18122964200740543
2019_1125_1449,0.8881423624201475
2019_1125_1458,0.5298263283002722
2019_1125_1459,0.45332519566245844
2019_1125_1463,0.17460970737458736
2019_1133_1138,0.5207041420738174
2019_1133_1153,0.6788748644180337
2019_1133_1159,0.46601160881125814
2019_1133_1181,0.7353516667475298
2019_1133_1192,0.5282978849759116
2019_1133_1196,0.9598671958442272
2019_1133_1199,0.13113036030553893
2019_1133_1205,0.05072844947307931
2019_1133_1209,0.9761140930130272
2019_1133_1211,0.15767871159843427
2019_1133_1222,0.48176608080373995
2019_1133_1233,0.4537842463448766
2019_1133_1234,0.9625187647158625
2019_1133_1235,0.11494905512900133
2019_1133_1242,0.22544398686015732
2019_1133_1243,0.7095946050567941
2019_1133_1246,0.10128015735852258
2019_1133_1251,0.5714965763434989
2019_1133_1257,0.297617235793292
2019_1133_1261,0.4685108280340762
2019_1133_1266,0.17823523234900274
2019_1133_1268,0.9947184843947937
2019_1133_1276,0.1794664153166784
2019_1133_1277,0.244922158710131
2019_1133_1278,0.08862453281713234
2019_1133_1279,0.6731508433475671
2019_1133_1280,0.198138437660618
2019_1133_1285,0.40129602824478616
2019_1133_1293,0.06530006401644173
2019_1133_1295,0.797153333382292
2019_1133_1297,0.5035391566705858
2019_1133_1300,0.8063816186557765
2019_1133_1305,0.8276985359172935
2019_1133_1308,0.2716668015968565
2019_1133_1314,0.39238503381925127
2019_1133_1318,0.3767227135444451
2019_1133_1326,0.605932562457043
2019_1133_1328,0.30820499584320693
2019_1133_1330,0.03303206571990602
2019_1133_1332,0.8125679136944645
2019_1133_1341,0.21239986928801968
2019_1133_1345,0.2347677578595071
2019_1133_1371,0.0419592423499775
2019_1133_1385,0.47089115021902206
2019_1133_1387,0.5769779307445171
2019_1133_1388,0.47672434394582464
2019_1133_1393,0.8195118948706059
2019_1133_1396,0.31042408458139703
2019_1133_1397,0.004313443774477066
2019_1133_1403,0.14467570324969792
2019_1133_1414,0.0639367268155625
2019_1133_1416,0.8684932424917585
2019_1133_1429,0.6209557423604606
2019_1133_1433,0.3301075877338686
2019_1133_1436,0.5537060304846609
2019_1133_1437,0.3976530332373046
2019_1133_1438,0.19624828612410816
2019_1133_1439,0.57078709133455
2019_1133_1449,0.4999387216691257
2019_1133_1458,0.1826840045956858
2019_1133_1459,0.8490913334663551
2019_1133_1463,0.6164456532541932
2019_1138_1153,0.3280481622712724
2019_1138_1159,0.41450375488002544
2019_1138_1181,0.6180370826403652
2019_1138_1192,0.04134361051785729
2019_1138_1196,0.9953225231290584
2019_1138_1199,0.8472908847974463
2019_1138_1205,0.001120007303485826
2019_1138_1209,0.19465718250873687
2019_1138_1211,0.8201903283843263
2019_1138_1222,0.26960065303066816
2019_1138_1233,0.8069899360259188
2019_1138_1234,0.3064071666342991
2019_1138_1235,0.37630445943352997
2019_1138_1242,0.6334236619265369
2019_1138_1243,0.9040575061539701
2019_1138_1246,0.6518916596359762
2019_1138_1251,0.48579832677851764
2019_1138_1257,0.9902188609420723
2019_1138_1261,0.9824627454518092
2019_1138_1266,0.8157839431439138
2019_1138_1268,0.6406578375450861
2019_1138_1276,0.7151264339918701
2019_1138_1277,0.9914278988277233
2019_1138_1278,0.869952416919341
2019_1138_1279,0.5990322678768455
2019_1138_1280,0.5830624737605308
2019_1138_1285,0.9338116736055093
2019_1138_1293,0.899440366170876
2019_1138_1295,0.7603437745027057
2019_1138_1297,0.311073019635308
2019_1138_1300,0.05978125091374065
2019_1138_1305,0.9879602679380908
2019_1138_1308,0.2097359057904461
2019_1138_1314,0.3989499757718017
2019_1138_1318,0.8906411564632611
2019_1138_1326,0.049616243749738165
2019_1138_1328,0.390113158778127
2019_1138_1330,0.02571093817224024
2019_1138_1332,0.27361237625397494
2019_1138_1341,0.846906640713682
2019_1138_1345,0.12060369866653864
2019_1138_1371,0.16122575770025005
2019_1138_1385,0.89837246730465
2019_1138_1387,0.883570453607766
2019_1138_1388,0.9144551004282431
2019_1138_1393,0.8443329763578702
2019_1138_1396,0.7945624982805862
2019_1138_1397,0.7748454936245774
2019_1138_1403,0.5369065063495626
2019_1138_1414,0.7684658755272933
2019_1138_1416,0.13557583820577024
2019_1138_1429,0.43897485974656425
2019_1138_1433,0.11308941016737672
2019_1138_1436,0.5379509929305561
2019_1138_1437,0.373689069843014
2019_1138_1438,0.026833737512481415
2019_1138_1439,0.5931188745618174
2019_1138_1449,0.49149319241642053
2019_1138_1458,0.04531030812973802
2019_1138_1459,0.9330376367566415
2019_1138_1463,0.9308946105642605
2019_1153_1159,0.5455509134967618
2019_1153_1181,0.7030191322270176
2019_1153_1192,0.42744909561450795
2019_1153_1196,0.3828878902381757
2019_1153_1199,0.7111897517448065
2019_1153_1205,0.11218974110373858
2019_1153_1209,0.7663757266969721
2019_1153_1211,0.6704318513784346
2019_1153_1222,0.001530292952357959
2019_1153_1233,0.11234703329189621
2019_1153_1234,0.1319892533796181
2019_1153_1235,0.7613279041196566
2019_1153_1242,0.931662111780588
2019_1153_1243,0.9979193684588326
2019_1153_1246,0.46998244229577946
2019_1153_1251,0.1774754299917488
2019_1153_1257,0.25965706229260277
2019_1153_1261,0.2813880828800859
2019_1153_1266,0.8729312234168134
2019_1153_1268,0.3067439346480637
2019_1153_1276,0.11326936981945701
2019_1153_1277,0.8936284186114167
2019_1153_1278,0.08060680234131057
2019_1153_1279,0.7663663559267578
2019_1153_1280,0.8197808716397412
2019_1153_1285,0.2677558043337692
2019_1153_1293,0.011835300552026196
2019_1153_1295,0.27924631175080616
2019_1153_1297,0.228689959627149
2019_1153_1300,0.849135959642162
2019_1153_1305,0.8240174479218415
2019_1153_1308,0.4196737069167381
2019_1153_1314,0.7846347872031983
2019_1153_1318,0.40548572900670077
2019_1153_1326,0.11733635277892474
2019_1153_1328,0.9718022203974463
2019_1153_1330,0.15578229207158012
2019_1153_1332,0.9250888319984977
2019_1153_1341,0.8755470286971032
2019_1153_1345,0.9199026356916818
2019_1153_1371,0.9600874213776011
2019_1153_1385,0.7191244118559298
2019_1153_1387,0.8764513834460489
2019_1153_1388,0.07074371805090363
2019_1153_1393,0.6846882228694817
2019_1153_1396,0.1645391560146824
2019_1153_1397,0.2050758998857911
2019_1153_1403,0.6535228859364995
2019_1153_1414,0.27599909950248724
2019_1153_1416,0.6261735599860658
2019_1153_1429,0.07996428867311
2019_1153_1433,0.07943239048197648
2019_1153_1436,0.9446134818580131
2019_1153_1437,0.30280360107535964
2019_1153_1438,0.5991389835684551
2019_1153_1439,0.36322083982096187
2019_1153_1449,0.1305238986744025
2019_1153_1458,0.04501792717961528
2019_1153_1459,0.7070640827850855
2019_1153_1463,0.821822286448603
2019_1159_1181,0.9295177161638445
2019_1159_1192,0.9384062423683345
2019_1159_1196,0.22175484434499027
2019_1159_1199,0.4751683610305941
2019_1159_1205,0.8252233504421869
2019_1159_1209,0.539352638420128
2019_1159_1211,0.7259392848618484
2019_1159_1222,0.4763545893401383
2019_1159_1233,0.38925663874827554
2019_1159_1234,0.4738728989021237
2019_1159_1235,0.6908559902529241
2019_1159_1242,0.940086369709537
2019_1159_1243,0.5590849987778229
2019_1159_1246,0.6080333768953214
2019_1159_1251,0.6507733042150167
2019_1159_1257,0.03303912997537839
2019_1159_1261,0.1774266257729451
2019_1159_1266,0.8487028103490482
2019_1159_1268,0.14200528036029392
2019_1159_1276,0.5491043489545248
2019_1159_1277,0.9574771182489293
2019_1159_1278,0.5621876644028966
2019_1159_1279,0.8156717910930269
2019_1159_1280,0.43846741516482646
2019_1159_1285,0.990718381160537
2019_1159_1293,0.3012278362640223
2019_1159_1295,0.23775763770923652
2019_1159_1297,0.605180112966001
2019_1159_1300,0.40673742137067526
2019_1159_1305,0.9852060140141031
2019_1159_1308,0.8317177418633421
2019_1159_1314,0.6627682183117551
2019_1159_1318,0.609471332375211
2019_1159_1326,0.5834701523410346
2019_1159_1328,0.3659296614874452
2019_1159_1330,0.7072767378621252
2019_1159_1332,0.6737944324458071
2019_1159_1341,0.7678222193013827
2019_1159_1345,0.3897886289702106
2019_1159_1371,0.09595770571309725
2019_1159_1385,0.3759546127029423
2019_1159_1387,0.39800051977574735
2019_1159_1388,0.8980501501060694
2019_1159_1393,0.478630298776357
2019_1159_1396,0.14625546268318834
2019_1159_1397,0.3398163778461023
2019_1159_1403,0.8419855662018677
2019_1159_1414,0.9606351420578337
2019_1159_1416,0.2726717425129821
2019_1159_1429,0.264499566401879
2019_1159_1433,0.45785994702793686
2019_1159_1436,0.2532894438588934
2019_1159_1437,0.6319052195975163
2019_1159_1438,0.6308459475163741
2019_1159_1439,0.7773225953742763
2019_1159_1449,0.5152668687576811
2019_1159_1458,0.09562677343751647
2019_1159_1459,0.5265266625308233
2019_1159_1463,0.3372359951080365
2019_1181_1192,0.451572896832211
2019_1181_1196,0.9782191043989436
2019_1181_1199,0.715316538329361
2019_1181_1205,0.799815342952551
2019_1181_1209,0.5289489247867466
2019_1181_1211,0.3286865475643449
2019_1181_1222,0.40017113048075326
2019_1181_1233,0.2466135690303196
2019_1181_1234,0.149417263307697
2019_1181_1235,0.40405312544766114
2019_1181_1242,0.4137065224567066
2019_1181_1243,0.5786052532570944
2019_1181_1246,0.8686333015751382
2019_1181_1251,0.7483069433392185
2019_1181_1257,0.3196475894878701
2019_1181_1261,0.18920313807515055
2019_1181_1266,0.3624583224136
2019_1181_1268,0.6581617466114178
2019_1181_1276,0.8979668146057744
2019_1181_1277,0.5890552651366149
2019_1181_1278,0.1056583636739461
2019_1181_1279,0.9504610710487883
2019_1181_1280,0.11316454635332185
2019_1181_1285,0.09063563863222202
2019_1181_1293,0.2777965936235107
2019_1181_1295,0.8941680954704261
2019_1181_1297,0.2928415669491037
2019_1181_1300,0.8525392067225032
2019_1181_1305,0.11856080942470237
2019_1181_1308,0.287139282518702
2019_1181_1314,0.7695476381299146
2019_1181_1318,0.8286865142950097
2019_1181_1326,0.41793088672055145
2019_1181_1328,0.7418529502421609
2019_1181_1330,0.05778922089378247
2019_1181_1332,0.14368762185531647
2019_1181_1341,0.16625602156267016
2019_1181_1345,0.8960230089930207
2019_1181_1371,0.2465078019154241
2019_1181_1385,0.3085072910019825
2019_1181_1387,0.8223513238414141
2019_1181_1388,0.42138333347981816
2019_1181_1393,0.5815152161260834
2019_1181_1396,0.8569045679848495
2019_1181_1397,0.9149954246436989
2019_1181_1403,0.5426867903055618
2019_1181_1414,0.6386136912605931
2019_1181_1416,0.15179029725895898
2019_1181_1429,0.07862228269313476
2019_1181_1433,0.1365717086724394
2019_1181_1436,0.33815683276043373
2019_1181_1437,0.20615319273533894
2019_1181_1438,0.28333119421662345
2019_1181_1439,0.8856837045169556
2019_1181_1449,0.4839569647903955
2019_1181_1458,0.6221177870638978
2019_1181_1459,0.6334926820193317
2019_1181_1463,0.1417937046807234
2019_1192_1196,0.5455458636551515
2019_1192_1199,0.3618303185680689
2019_1192_1205,0.014549531337970323
2019_1192_1209,0.49087074761566674
2019_1192_1211,0.14023979886287163
2019_1192_1222,0.5169680298014072
2019_1192_1233,0.8205383934006025
2019_1192_1234,0.5216014303416522
2019_1192_1235,0.29831268335235095
2019_1192_1242,0.7638906495491355
2019_1192_1243,0.13691882598949967
2019_1192_1246,0.3553060956773999
2019_1192_1251,0.8357485364460042
2019_1192_1257,0.5578610848812252
2019_1192_1261,0.7966835875299203
2019_1192_1266,0.9984605866897713
2019_1192_1268,0.26444424824092283
2019_1192_1276,0.23280906339701624
2019_1192_1277,0.46418646051644186
2019_1192_1278,0.5838936047606534
2019_1192_1279,0.6679031808522401
2019_1192_1280,0.6238588333783862
2019_1192_1285,0.5607080803266146
2019_1192_1293,0.5528067435476473
2019_1192_1295,0.9256103666188321
2019_1192_1297,0.9671215203145745
2019_1192_1300,0.7896616194668997
2019_1192_1305,0.49128607300505955
2019_1192_1308,0.78671290859528
2019_1192_1314,0.8015620675595693
2019_1192_1318,0.5419284418512285
2019_1192_1326,0.7739830429070561
2019_1192_1328,0.13321381329497728
2019_1192_1330,0.8129872366770887
2019_1192_1332,0.8226160013882334
2019_1192_1341,0.6015042754187182
2019_1192_1345,0.6682476748435738
2019_1192_1371,0.21057608571624853
2019_1192_1385,0.14417238576693092
2019_1192_1387,0.22408258615782017
2019_1192_1388,0.60732262527018
2019_1192_1393,0.8740618345295269
2019_1192_1396,0.1779521222163899
2019_1192_1397,0.10644916242580282
2019_1192_1403,0.7980183456261895
2019_1192_1414,0.009409575890598765
2019_1192_1416,0.04284081791408456
2019_1192_1429,0.7758968292963832
2019_1192_1433,0.3141110103098498
2019_1192_1436,0.19968945623175227
2019_1192_1437,0.2638060165084154
2019_1192_1438,0.4696808859389485
2019_1192_1439,0.43326133504413356
2019_1192_1449,0.2425076173901718
2019_1192_1458,0.6569075460714545
2019_1192_1459,0.39658549551979994
2019_1192_1463,0.46978155709595215
2019_1196_1199,0.14152132386075267
2019_1196_1205,0.9315990370112485
2019_1196_1209,0.40878725467892874
2019_1196_1211,0.07562176868766524
2019_1196_1222,0.8312493320653703
2019_1196_1233,0.17792957898920958
2019_1196_1234,0.6415986526514911
2019_1196_1235,0.09494120461356137
2019_1196_1242,0.08702475917077179
2019_1196_1243,0.5680384746358116
2019_1196_1246,0.4741781297870107
2019_1196_1251,0.8589270553254318
2019_1196_1257,0.10027938791011914
2019_1196_1261,0.8773345949576135
2019_1196_1266,0.29400726995820103
2019_1196_1268,0.19120746710406744
2019_1196_1276,0.14192791294741547
2019_1196_1277,0.0058177910488640405
2019_1196_1278,0.7541378432122543
2019_1196_1279,0.7075397849649592
2019_1196_1280,0.4336554672273175
2019_1196_1285,0.054240566643576016
2019_1196_1293,0.9353760452455674
2019_1196_1295,0.2984084380212634
2019_1196_1297,0.2756444599576011
2019_1196_1300,0.07670405215289888
2019_1196_1305,0.4932358474985732
2019_1196_1308,0.8804350242479928
2019_1196_1314,0.35755490213055663
2019_1196_1318,0.47971978359347456
2019_1196_1326,0.5003682535678925
2019_1196_1328,0.2941704835755127
2019_1196_1330,0.7170394266062036
2019_1196_1332,0.4608436879933414
2019_1196_1341,0.5710049679804321
2019_1196_1345,0.08781371489941503
2019_1196_1371,0.6814670569042763
2019_1196_1385,0.6558477359944388
2019_1196_1387,0.09274441313723836
2019_1196_1388,0.524234458906601
2019_1196_1393,0.3511056717573542
2019_1196_1396,0.4561403357741811
2019_1196_1397,0.8260947744436551
2019_1196_1403,0.8031227268102717
2019_1196_1414,0.5186417646346265
2019_1196_1416,0.12739431290927783
2019_1196_1429,0.04597604863020355
2019_1196_1433,0.3815780458924728
2019_1196_1436,0.2774890336272129
2019_1196_1437,0.014704258861740094
2019_1196_1438,0.503601974254955
2019_1196_1439,0.8808157408577367
2019_1196_1449,0.6804906188573983
2019_1196_1458,0.39141461028721813
2019_1196_1459,0.9338305567347097
2019_1196_1463,0.33412294059935166
2019_1199_1205,0.9838880342004591
2019_1199_1209,0.15902780731409416
2019_1199_1211,0.34854456656752153
2019_1199_1222,0.09989222256894659
2019_1199_1233,0.5197613475700107
2019_1199_1234,0.46332417621781585
2019_1199_1235,0.7344435454051641
2019_1199_1242,0.4092748940172679
2019_1199_1243,0.00012443880001478114
2019_1199_1246,0.8605806399403634
2019_1199_1251,0.7595422733279708
2019_1199_1257,0.10972519588359886
2019_1199_1261,0.5874748686064821
2019_1199_1266,0.2918561492641015
2019_1199_1268,0.08714486558916912
2019_1199_1276,0.7237242016603518
2019_1199_1277,0.9794607091331404
2019_1199_1278,0.8133090767436981
2019_1199_1279,0.026552266741133312
2019_1199_1280,0.08010971522605781
2019_1199_1285,0.22203920432412771
2019_1199_1293,0.3087042332258686
2019_1199_1295,0.1798781813378747
2019_1199_1297,0.8428547761451328
2019_1199_1300,0.13699229026946058
2019_1199_1305,0.8350591634034231
2019_1199_1308,0.6869994443272143
2019_1199_1314,0.9667668946372551
2019_1199_1318,0.6937590700884861
2019_1199_1326,0.6200119755469449
2019_1199_1328,0.5645476200797787
2019_1199_1330,0.5676042721046263
2019_1199_1332,0.4976127837996217
2019_1199_1341,0.7798957244851696
2019_1199_1345,0.49206226232644534
2019_1199_1371,0.3958909399097348
2019_1199_1385,0.7991350780581753
2019_1199_1387,0.14215554194336188
2019_1199_1388,0.8569972955547321
2019_1199_1393,0.18393473802968974
2019_1199_1396,0.4777348955800379
2019_1199_1397,0.06175367516918173
2019_1199_1403,0.9859652693156866
2019_1199_1414,0.46429729974122325
2019_1199_1416,0.6478326262470773
2019_1199_1429,0.25044109733969955
2019_1199_1433,0.06384534307174439
2019_1199_1436,0.4672275575835032
2019_1199_1437,0.5481360733390224
2019_1199_1438,0.1306041758082669
2019_1199_1439,0.06430017243928321
2019_1199_1449,0.8487185228363292
2019_1199_1458,0.9816172743595392
2019_1199_1459,0.6035744305212717
2019_1199_1463,0.2618117734422293
2019_1205_1209,0.6015002868252242
2019_1205_1211,0.4236379723094822
2019_1205_1222,0.6422462196759625
2019_1205_1233,0.5659604203515581
2019_1205_1234,0.2174989212558177
2019_1205_1235,0.062461426895992433
2019_1205_1242,0.3944662544211449
2019_1205_1243,0.638394811657141
2019_1205_1246,0.6722506002497136
2019_1205_1251,0.23823716314257537
2019_1205_1257,0.1856197962104107
2019_1205_1261,0.32480764567795184
2019_1205_1266,0.9794766450386214
2019_1205_1268,0.8783011858206868
2019_1205_1276,0.6667524409141872
2019_1205_1277,0.8036361920775396
2019_1205_1278,0.21511823898185234
2019_1205_1279,0.5613534306096932
2019_1205_1280,0.761629949897783
2019_1205_1285,0.34159729341706546
2019_1205_1293,0.3940803887228903
2019_1205_1295,0.7835715403880514
2019_1205_1297,0.9024088406606945
2019_1205_1300,0.019221403294185313
2019_1205_1305,0.42511676820261624
2019_1205_1308,0.6846098232889359
2019_1205_1314,0.549395680260984
2019_1205_1318,0.040362689570939914
2019_1205_1326,0.542848223425483
2019_1205_1328,0.4648254374640848
2019_1205_1330,0.13939357666566277
2019_1205_1332,0.43772527155781105
2019_1205_1341,0.25019418240497493
2019_1205_1345,0.3579744973937147
2019_1205_1371,0.6967537244380443
2019_1205_1385,0.19636800800199694
2019_1205_1387,0.03683553593104871
2019_1205_1388,0.2806091263588677
2019_1205_1393,0.4548263078001651
2019_1205_1396,0.29875172722141385
2019_1205_1397,0.9469733092121295
2019_1205_1403,0.9550414750970408
2019_1205_1414,0.48186352102544916
2019_1205_1416,0.9327056054930719
2019_1205_1429,0.13923239129577414
2019_1205_1433,0.5436825143922184
2019_1205_1436,0.409905870358499
2019_1205_1437,0.16383266995003687
2019_1205_1438,0.918710493946862
2019_1205_1439,0.2104135869984406
2019_1205_1449,0.7317938181770115
2019_1205_1458,0.7032018122878795
2019_1205_1459,0.5714965444848213
2019_1205_1463,0.4391291796708596
2019_1209_1211,0.041074964915994716
2019_1209_1222,0.5747604755429067
2019_1209_1233,0.587972439001905
2019_1209_1234,0.22209958906578486
2019_1209_1235,0.16657888928447706
2019_1209_1242,0.770341484956786
2019_1209_1243,0.05224695434714144
2019_1209_1246,0.3389547972959839
2019_1209_1251,0.1782427256532093
2019_1209_1257,0.8462133910200496
2019_1209_1261,0.38508293252548287
2019_1209_1266,0.31938016644380895
2019_1209_1268,0.7692476956386733
2019_1209_1276,0.7877598820294635
2019_1209_1277,0.17103189464955504
2019_1209_1278,0.11767458887033277
2019_1209_1279,0.6318556445390533
2019_1209_1280,0.6730048718842877
2019_1209_1285,0.4845739794334283
2019_1209_1293,0.4847845775634412
2019_1209_1295,0.24853893447478992
2019_1209_1297,0.10247686642333331
2019_1209_1300,0.19548854714403452
2019_1209_1305,0.988646053314904
2019_1209_1308,0.7908562387908851
2019_1209_1314,0.23559555320517434
2019_1209_1318,0.5015436149327305
2019_1209_1326,0.09408814177136438
2019_1209_1328,0.5240115112420881
2019_1209_1330,0.96932414596489
2019_1209_1332,0.2961084915765866
2019_1209_1341,0.5395575110532119
2019_1209_1345,0.28021082011061704
2019_1209_1371,0.718626931873809
2019_1209_1385,0.17778058430703625
2019_1209_1387,0.26264663558133683
2019_1209_1388,0.49944284184553467
2019_1209_1393,0.31930482963948714
2019_1209_1396,0.8089908266434538
2019_1209_1397,0.2353807955424546
2019_1209_1403,0.20982078835803775
2019_1209_1414,0.9248168268039232
2019_1209_1416,0.7725073299774686
2019_1209_1429,0.0737108620774436
2019_1209_1433,0.7913842240868236
2019_1209_1436,0.8124124262419389
2019_1209_1437,0.20212801697304084
2019_1209_1438,0.6641591720109548
2019_1209_1439,0.21424733480064218
2019_1209_1449,0.14106778185389757
2019_1209_1458,0.023854529044227912
2019_1209_1459,0.7921899640120297
2019_1209_1463,0.2515852807042407
2019_1211_1222,0.36348555089456414
2019_1211_1233,0.8460776324024225
2019_1211_1234,0.3076033602074324
2019_1211_1235,0.3335350838531912
2019_1211_1242,0.8559247148147012
2019_1211_1243,0.5384824953394939
2019_1211_1246,0.48516986913926174
2019_1211_1251,0.3514437962778556
2019_1211_1257,0.7463172263682986
2019_1211_1261,0.40526718408183793
2019_1211_1266,0.9985567899767608
2019_1211_1268,0.739853784239327
2019_1211_1276,0.09466099236982073
2019_1211_1277,0.49551274810540125
2019_1211_1278,0.7783503636122614
2019_1211_1279,0.7297272337770083
2019_1211_1280,0.038454971687079786
2019_1211_1285,0.6676905671119613
2019_1211_1293,0.35026905910632866
2019_1211_1295,0.4970745569413516
2019_1211_1297,0.485453079654675
2019_1211_1300,0.37954884933976596
2019_1211_1305,0.743975996479234
2019_1211_1308,0.2801743462900168
2019_1211_1314,0.46988870675162586
2019_1211_1318,0.20478705876764014
2019_1211_1326,0.20026335063665768
2019_1211_1328,0.2996540950189873
2019_1211_1330,0.7167701265203406
2019_1211_1332,0.6527977201822113
2019_1211_1341,0.6756362783025519
2019_1211_1345,0.7700847475673899
2019_1211_1371,0.8840482805439107
2019_1211_1385,0.2890338102242831
2019_1211_1387,0.8587855214750353
2019_1211_1388,0.9821490969435982
2019_1211_1393,0.039965227559362604
2019_1211_1396,0.3698058261716879
2019_1211_1397,0.6375713723523962
2019_1211_1403,0.0782959523612291
2019_1211_1414,0.8052796336182031
2019_1211_1416,0.4801467562496795
2019_1211_1429,0.8351446451786385
2019_1211_1433,0.3782005323455423
2019_1211_1436,0.7017678311838276
2019_1211_1437,0.6261869531304953
2019_1211_1438,0.023881157363386918
2019_1211_1439,0.07478416831638501
2019_1211_1449,0.797860670367227
2019_1211_1458,0.1839779402095023
2019_1211_1459,0.5952163454963979
2019_1211_1463,0.6328721167790163
2019_1222_1233,0.13154884499566366
2019_1222_1234,0.6453557945756041
2019_1222_1235,0.692446254397085
2019_1222_1242,0.5886770958060543
2019_1222_1243,0.8764461769257275
2019_1222_1246,0.5426028982179858
2019_1222_1251,0.1347540593820421
2019_1222_1257,0.7872247073778714
2019_1222_1261,0.17213384292953493
2019_1222_1266,0.9975347882478492
2019_1222_1268,0.8428370917771004
2019_1222_1276,0.8306876753696985
2019_1222_1277,0.8689639021540696
2019_1222_1278,0.8388624803154136
2019_1222_1279,0.9601221891863138
2019_1222_1280,0.1592357659223751
2019_1222_1285,0.8096700748861108
2019_1222_1293,0.8166804134242828
2019_1222_1295,0.8332014047194387
2019_1222_1297,0.6427223690825864
2019_1222_1300,0.16508725737023777
2019_1222_1305,0.5610616583301228
2019_1222_1308,0.8755964599680941
2019_1222_1314,0.5650711210645106
2019_1222_1318,0.03994510070775692
2019_1222_1326,0.6848691038895791
2019_1222_1328,0.30463311221820266
2019_1222_1330,0.9034083094503677
2019_1222_1332,0.5872945523441367
2019_1222_1341,0.04910263334107112
2019_1222_1345,0.338877504489668
2019_1222_1371,0.6197083609036111
2019_1222_1385,0.6613992227122986
2019_1222_1387,0.7368129228583682
2019_1222_1388,0.28482442553760634
2019_1222_1393,0.9356119861258534
2019_1222_1396,0.2631197627560533
2019_1222_1397,0.3911898277239494
2019_1222_1403,0.9498753132109135
2019_1222_1414,0.7853794299502015
2019_1222_1416,0.4277808477711461
2019_1222_1429,0.7226146220018894
2019_1222_1433,0.48706203835353246
2019_1222_1436,0.613190260547203
2019_1222_1437,0.9955163993683156
2019_1222_1438,0.12011445609308102
2019_1222_1439,0.5762317497216253
2019_1222_1449,0.38109198189148796
2019_1222_1458,0.9889461935021353
2019_1222_1459,0.5481973771838272
2019_1222_1463,0.7008683737156586
2019_1233_1234,0.5861209565980815
2019_1233_1235,0.6808695906756511
2019_1233_1242,0.18138661760616326
2019_1233_1243,0.0015774923716649347
2019_1233_1246,0.6334523907805842
2019_1233_1251,0.5253235327226498
2019_1233_1257,0.7166226019087056
2019_1233_1261,0.4780864307438111
2019_1233_1266,0.6039347930874399
2019_1233_1268,0.02580449045722577
2019_1233_1276,0.023495534475906243
2019_1233_1277,0.41126358040364364
2019_1233_1278,0.25083437040754364
2019_1233_1279,0.13463478181470923
2019_1233_1280,0.16696013643322571
2019_1233_1285,0.6478828094949964
2019_1233_1293,0.5767484279020723
2019_1233_1295,0.5845810128712555
2019_1233_1297,0.2846061660001923
2019_1233_1300,0.6139144261418503
2019_1233_1305,0.07072386473423053
2019_1233_1308,0.7346188328279022
2019_1233_1314,0.968205955097727
2019_1233_1318,0.9320354083103367
2019_1233_1326,0.3152970800373457
2019_1233_1328,0.6526713742967029
2019_1233_1330,0.23527622793868952
2019_1233_1332,0.8728673276376557
2019_1233_1341,0.5943008060936384
2019_1233_1345,0.6592668020749883
2019_1233_1371,0.005296818747166698
2019_1233_1385,0.24396077134141037
2019_1233_1387,0.9368578845323488
2019_1233_1388,0.561322784339946
2019_1233_1393,0.09864091941438102
2019_1233_1396,0.2654781637753604
2019_1233_1397,0.5973984971606068
2019_1233_1403,0.04147761591376675
2019_1233_1414,0.48696828839317197
2019_1233_1416,0.24574210081700998
2019_1233_1429,0.04843970637763495
2019_1233_1433,0.31961302520240864
2019_1233_1436,0.3560829608139975
2019_1233_1437,0.05710670337464152
2019_1233_1438,0.2865945528654952
2019_1233_1439,0.25559613799928305
2019_1233_1449,0.8172509896443021
2019_1233_1458,0.6629615634913172
2019_1233_1459,0.26358860277634377
2019_1233_1463,0.7925677950103407
2019_1234_1235,0.7584073273588045
2019_1234_1242,0.35592193589331755
2019_1234_1243,0.4227697084309614
2019_1234_1246,0.201512035882092
2019_1234_1251,0.3968687278102958
2019_1234_1257,0.6586030394817508
2019_1234_1261,0.5994416280950262
2019_1234_1266,0.9302802144847334
2019_1234_1268,0.9206946242587153
2019_1234_1276,0.5941180183222292
2019_1234_1277,0.7533811332965801
2019_1234_1278,0.012373319834694807
2019_1234_1279,0.42627722495805276
2019_1234_1280,0.03907277236867279
2019_1234_1285,0.5732123514196871
2019_1234_1293,0.7429404090753925
2019_1234_1295,0.9936390642081401
2019_1234_1297,0.6589218514998564
2019_1234_1300,0.34199031794663237
2019_1234_1305,0.4427214879880703
2019_1234_1308,0.5611986880191349
2019_1234_1314,0.6344515234822422
2019_1234_1318,0.041702393946150385
2019_1234_1326,0.6865128751208014
2019_1234_1328,0.5700298729950805
2019_1234_1330,0.2705480884461967
2019_1234_1332,0.30098248583158993
2019_1234_1341,0.4292250544114884
2019_1234_1345,0.5310827867848199
2019_1234_1371,0.6281988801843441
2019_1234_1385,0.7036734010313102
2019_1234_1387,0.5904852121040979
2019_1234_1388,0.029687004933532823
2019_1234_1393,0.29662822009687295
2019_1234_1396,0.5126161365207925
2019_1234_1397,0.5420398362398565
2019_1234_1403,0.34662835367372946
2019_1234_1414,0.7485028798659579
2019_1234_1416,0.6961413644477393
2019_1234_1429,0.34344762351401437
2019_1234_1433,0.9425357048418043
2019_1234_1436,0.06540094123108287
2019_1234_1437,0.21907394114245715
2019_1234_1438,0.01767205906591751
2019_1234_1439,0.18492707579708656
2019_1234_1449,0.3971525156946022
2019_1234_1458,0.845158202210639
2019_1234_1459,0.23176136673726977
2019_1234_1463,0.2234006241427361
2019_1235_1242,0.038312321792095316
2019_1235_1243,0.18089254116020992
2019_1235_1246,0.4969929975285009
2019_1235_1251,0.32937180561259805
2019_1235_1257,0.012438734446326816
2019_1235_1261,0.669731039510159
2019_1235_1266,0.2362467699456826
2019_1235_1268,0.33985399144100537
2019_1235_1276,0.8491268410105249
2019_1235_1277,0.8761424634878582
2019_1235_1278,0.05588958157833579
2019_1235_1279,0.3349794848116635
2019_1235_1280,0.08972614536831458
2019_1235_1285,0.24210495325456416
2019_1235_1293,0.5706804826557126
2019_1235_1295,0.38828003427764535
2019_1235_1297,0.8703187574112927
2019_1235_1300,0.7041275632957518
2019_1235_1305,0.9648538362230342
2019_1235_1308,0.13024218287411604
2019_1235_1314,0.8487240070358518
2019_1235_1318,0.5293572910793928
2019_1235_1326,0.9336436969410551
2019_1235_1328,0.24926033259382774
2019_1235_1330,0.1490466657172319
2019_1235_1332,0.2710022507490556
2019_1235_1341,0.8383981016709707
2019_1235_1345,0.6440271254819343
2019_1235_1371,0.5599521151892032
2019_1235_1385,0.6931164402896294
2019_1235_1387,0.17938365158120828
2019_1235_1388,0.4631412402151429
2019_1235_1393,0.6137949774548888
2019_1235_1396,0.10791711806264759
2019_1235_1397,0.5323168783730927
2019_1235_1403,0.9570830737271401
2019_1235_1414,0.7494823278293531
2019_1235_1416,0.5804940719034823
2019_1235_1429,0.7719560729644916
2019_1235_1433,0.39348584740290493
2019_1235_1436,0.3847807828646447
2019_1235_1437,0.43866550622522416
2019_1235_1438,0.9801755434203824
2019_1235_1439,0.3680446728988468
2019_1235_1449,0.7315253771554696
2019_1235_1458,0.535541170505557
2019_1235_1459,0.31596267918576226
2019_1235_1463,0.4893801150632836
2019_1242_1243,0.11348484579092777
2019_1242_1246,0.675090997821811
2019_1242_1251,0.4802868500989512
2019_1242_1257,0.9271081192507584
2019_1242_1261,0.35647161257630067
2019_1242_1266,0.6064003791041005
2019_1242_1268,0.0248869532709195
2019_1242_1276,0.21481175573320999
2019_1242_1277,0.7355997458028269
2019_1242_1278,0.4513760468444912
2019_1242_1279,0.501396158733926
2019_1242_1280,0.3612171946227285
2019_1242_1285,0.27641907124766474
2019_1242_1293,0.011732256083575754
2019_1242_1295,0.6783661492603654
2019_1242_1297,0.6749536707540428
2019_1242_1300,0.8652803972313632
2019_1242_1305,0.7391585485528288
2019_1242_1308,0.29415528917232747
2019_1242_1314,0.7580806995202893
2019_1242_1318,0.29608481596723657
2019_1242_1326,0.49675870532618727
2019_1242_1328,0.3886716482602236
2019_1242_1330,0.30010833253720637
2019_1242_1332,0.7791796221782522
2019_1242_1341,0.5216542702661924
2019_1242_1345,0.6839839549240411
2019_1242_1371,0.40116424295828057
2019_1242_1385,0.7654069649022697
2019_1242_1387,0.3523720195576854
2019_1242_1388,0.3167597284433855
2019_1242_1393,0.8058149333091976
2019_1242_1396,0.816802551366857
2019_1242_1397,0.8529652006011559
2019_1242_1403,0.2506428879525252
2019_1242_1414,0.7087733740637069
2019_1242_1416,0.9350797646080692
2019_1242_1429,0.35585180821150664
2019_1242_1433,0.6121583286886931
2019_1242_1436,0.8549484700701401
2019_1242_1437,0.34032091132069797
2019_1242_1438,0.8720984350216396
2019_1242_1439,0.9390959229081609
2019_1242_1449,0.3243310159804551
2019_1242_1458,0.23731125151857635
2019_1242_1459,0.29653575344836813
2019_1242_1463,0.11747726868302011
2019_1243_1246,0.8393464509990208
2019_1243_1251,0.6482221798360697
2019_1243_1257,0.42847434907329107
2019_1243_1261,0.36853278913973775
2019_1243_1266,0.26536094467109994
2019_1243_1268,0.33801814795155327
2019_1243_1276,0.6230641681008174
2019_1243_1277,0.3262058118310336
2019_1243_1278,0.8672810565159657
2019_1243_1279,0.6275037000321257
2019_1243_1280,0.5676136590999329
2019_1243_1285,0.3420558240760546
2019_1243_1293,0.7599229492445018
2019_1243_1295,0.6313268677519682
2019_1243_1297,0.7441901009030225
2019_1243_1300,0.670379838889795
2019_1243_1305,0.019878374950134114
2019_1243_1308,0.8935532928995913
2019_1243_1314,0.09609662788630902
2019_1243_1318,0.6925128475292334
2019_1243_1326,0.24653183916493582
2019_1243_1328,0.1371015116431713
2019_1243_1330,0.5306597497466927
2019_1243_1332,0.6718348116035793
2019_1243_1341,0.10831756360729017
2019_1243_1345,0.19762098467771527
2019_1243_1371,0.8402843653153469
2019_1243_1385,0.5253936113124023
2019_1243_1387,0.383757108129831
2019_1243_1388,0.6739645820446106
2019_1243_1393,0.058397117334954673
2019_1243_1396,0.8063199942043138
2019_1243_1397,0.59193077716132
2019_1243_1403,0.32035865462197644
2019_1243_1414,0.38527657101833857
2019_1243_1416,0.8555779692644329
2019_1243_1429,0.2573834429551013
2019_1243_1433,0.6943280290551512
2019_1243_1436,0.6487073224792245
2019_1243_1437,0.6427280448826814
2019_1243_1438,0.6581247973262009
2019_1243_1439,0.5462928220694501
2019_1243_1449,0.08858886144002831
2019_1243_1458,0.76417835450891
2019_1243_1459,0.26817870244094544
2019_1243_1463,0.9215891270973183
2019_1246_1251,0.8026014140589974
2019_1246_1257,0.764940883088771
2019_1246_1261,0.9687102653829773
2019_1246_1266,0.3688821030801631
2019_1246_1268,0.5344219779224499
2019_1246_1276,0.07820273934852406
2019_1246_1277,0.8167536277743466
2019_1246_1278,0.5460265061277034
2019_1246_1279,0.5025601591712658
2019_1246_1280,0.7924179103888924
2019_1246_1285,0.20713377276098843
2019_1246_1293,0.2561067405236699
2019_1246_1295,0.7069789367304056
2019_1246_1297,0.5791618104388941
2019_1246_1300,0.7875664130349078
2019_1246_1305,0.694356294090482
2019_1246_1308,0.3511025158558331
2019_1246_1314,0.3033384374383953
2019_1246_1318,0.20663453189100756
2019_1246_1326,0.03039942545253871
2019_1246_1328,0.5357188870576994
2019_1246_1330,0.6357044733425841
2019_1246_1332,0.7067150712326992
2019_1246_1341,0.00298401152254002
2019_1246_1345,0.23230815514295955
2019_1246_1371,0.913562069959309
2019_1246_1385,0.4677578535473673
2019_1246_1387,0.019297828582214516
2019_1246_1388,0.6157333366528047
2019_1246_1393,0.6873566480931176
2019_1246_1396,0.30672902599319696
2019_1246_1397,0.7072518313135331
2019_1246_1403,0.05523399818076402
2019_1246_1414,0.8077552857232763
2019_1246_1416,0.680081119387615
2019_1246_1429,0.009760240207911552
2019_1246_1433,0.6045958703118132
2019_1246_1436,0.42357254215108375
2019_1246_1437,0.7793644749084919
2019_1246_1438,0.6761544468497845
2019_1246_1439,0.12082053330090026
2019_1246_1449,0.5265177165641645
2019_1246_1458,0.4490906726088686
2019_1246_1459,0.46756221331877945
2019_1246_1463,0.45139266957609137
2019_1251_1257,0.24055208872042977
2019_1251_1261,0.8981418766440584
2019_1251_1266,0.3709316378534854
2019_1251_1268,0.6993687678668592
2019_1251_1276,0.8236403840449867
2019_1251_1277,0.37791930912437877
2019_1251_1278,0.5799274747318275
2019_1251_1279,0.6712468695842456
2019_1251_1280,0.04863988017643617
2019_1251_1285,0.3160990458629753
2019_1251_1293,0.7240208325346585
2019_1251_1295,0.05493524515737325
2019_1251_1297,0.3714465495030632
2019_1251_1300,0.8319514496645704
2019_1251_1305,0.9040089471877372
2019_1251_1308,0.3056983986157428
2019_1251_1314,0.8713155910087532
2019_1251_1318,0.961707808381635
2019_1251_1326,0.7425312385805087
2019_1251_1328,0.8505671874430217
2019_1251_1330,0.8856029983982832
2019_1251_1332,0.582936587079667
2019_1251_1341,0.9051068487272057
2019_1251_1345,0.3382047023466065
2019_1251_1371,0.2392732379624748
2019_1251_1385,0.558810332559225
2019_1251_1387,0.5061486087981545
2019_1251_1388,0.26808573893644083
2019_1251_1393,0.24120817665604855
2019_1251_1396,0.045730193301301236
2019_1251_1397,0.8848650754340783
2019_1251_1403,0.5664687193525788
2019_1251_1414,0.7286367485865215
2019_1251_1416,0.09201091392291105
2019_1251_1429,0.07193195799142926
2019_1251_1433,0.22879382145039007
2019_1251_1436,0.18936808539510963
2019_1251_1437,0.5922458062117308
2019_1251_1438,0.6024240617830539
2019_1251_1439,0.8521220532140227
2019_1251_1449,0.14071660256818874
2019_1251_1458,0.9452063040929822
2019_1251_1459,0.7384516255675024
2019_1251_1463,0.8676929943815423
2019_1257_1261,0.4629884991402381
2019_1257_1266,0.5161269773178276
2019_1257_1268,0.3359130055263878
2019_1257_1276,0.4950138462888609
2019_1257_1277,0.9071114021082196
2019_1257_1278,0.7216230764481962
2019_1257_1279,0.5106499808281595
2019_1257_1280,0.22757880761819105
2019_1257_1285,0.5840213488176175
2019_1257_1293,0.37653697074335724
2019_1257_1295,0.6947181388716469
2019_1257_1297,0.30277947994587484
2019_1257_1300,0.039354080770125144
2019_1257_1305,0.5323433427691372
2019_1257_1308,0.49185032460977907
2019_1257_1314,0.05653621329882741
2019_1257_1318,0.5234135907324942
2019_1257_1326,0.30139896940320177
2019_1257_1328,0.6831746171862879
2019_1257_1330,0.4747756360025278
2019_1257_1332,0.9714718857093496
2019_1257_1341,0.5664473524304912
2019_1257_1345,0.9479936894124339
2019_1257_1371,0.6179825610492423
2019_1257_1385,0.044358732119492594
2019_1257_1387,0.6701615499778992
2019_1257_1388,0.7474439241912445
2019_1257_1393,0.6565068521984032
2019_1257_1396,0.41754400156313665
2019_1257_1397,0.20175281892972785
2019_1257_1403,0.14760533622796268
2019_1257_1414,0.41379309030004996
2019_1257_1416,0.8760415210666451
2019_1257_1429,0.8089294793923522
2019_1257_1433,0.6285594200319772
2019_1257_1436,0.2563635597629349
2019_1257_1437,0.6723600786698738
2019_1257_1438,0.6417814872506079
2019_1257_1439,0.328818536293614
2019_1257_1449,0.5053643720030491
2019_1257_1458,0.4594811398349715
2019_1257_1459,0.15783642032311573
2019_1257_1463,0.026368397934575127
2019_1261_1266,0.7327967377760244
2019_1261_1268,0.24687947866944593
2019_1261_1276,0.16888399945126953
2019_1261_1277,0.37619687841039473
2019_1261_1278,0.807894829794946
2019_1261_1279,0.5395338779412765
2019_1261_1280,0.7744582795132517
2019_1261_1285,0.3258205076608145
2019_1261_1293,0.8956123044936954
2019_1261_1295,0.8149004946274128
2019_1261_1297,0.2572948736975329
2019_1261_1300,0.44584218121547814
2019_1261_1305,0.4096045521448223
2019_1261_1308,0.9736720358574309
2019_1261_1314,0.14494675336634155
2019_1261_1318,0.4009964832110968
2019_1261_1326,0.46332713467331454
2019_1261_1328,0.12353616700318237
2019_1261_1330,0.2119600503761615
2019_1261_1332,0.6687345372145999
2019_1261_1341,0.27350885469349606
2019_1261_1345,0.9705447886346062
2019_1261_1371,0.344443137084397
2019_1261_1385,0.20678112274792793
2019_1261_1387,0.27389892796711723
2019_1261_1388,0.5391281026487772
2019_1261_1393,0.4301623722445024
2019_1261_1396,0.9426072609890899
2019_1261_1397,0.9078218187728341
2019_1261_1403,0.3991459628123626
2019_1261_1414,0.8986543112098954
2019_1261_1416,0.7420164128523327
2019_1261_1429,0.9423006734322042
2019_1261_1433,0.2677700101860828
2019_1261_1436,0.7024053636048009
2019_1261_1437,0.5218224281108396
2019_1261_1438,0.3891805072086171
2019_1261_1439,0.5131314668504463
2019_1261_1449,0.11861129055246067
2019_1261_1458,0.9040416544766472
2019_1261_1459,0.699286392927217
2019_1261_1463,0.3423603278848013
2019_1266_1268,0.10594803556666721
2019_1266_1276,0.9512649963985617
2019_1266_1277,0.511869829238213
2019_1266_1278,0.8393169082130031
2019_1266_1279,0.5799041283044034
2019_1266_1280,0.7095804662880558
2019_1266_1285,0.6071125146400542
2019_1266_1293,0.2377916542445696
2019_1266_1295,0.3543179734453574
2019_1266_1297,0.5804962277202822
2019_1266_1300,0.0860801983364522
2019_1266_1305,0.7771436541279048
2019_1266_1308,0.4897696211266218
2019_1266_1314,0.28449013185973504
2019_1266_1318,0.12008627869511213
2019_1266_1326,0.5866599584801038
2019_1266_1328,0.8951513480419049
2019_1266_1330,0.9640563330673533
2019_1266_1332,0.26262744505692703
2019_1266_1341,0.8344706074844571
2019_1266_1345,0.19566803016576184
2019_1266_1371,0.7489757669289452
2019_1266_1385,0.20921127421325025
2019_1266_1387,0.5315074499083404
2019_1266_1388,0.36371981583082535
2019_1266_1393,0.972089959390128
2019_1266_1396,0.17716493177367532
2019_1266_1397,0.9260575108702838
2019_1266_1403,0.2426407209729623
2019_1266_1414,0.9455012852528051
2019_1266_1416,0.5936773416742512
2019_1266_1429,0.7245481840790979
2019_1266_1433,0.9456237419685677
2019_1266_1436,0.22783675038718731
2019_1266_1437,0.5591045833059137
2019_1266_1438,0.6916972933770259
2019_1266_1439,0.3270481720993478
2019_1266_1449,0.7519526823800867
2019_1266_1458,0.298899657559749
2019_1266_1459,0.5276318584953481
2019_1266_1463,0.6694682516829132
2019_1268_1276,0.017451634790591752
2019_1268_1277,0.37855359273469935
2019_1268_1278,0.6517025291466252
2019_1268_1279,0.13318999889564698
2019_1268_1280,0.395677956750899
2019_1268_1285,0.6429474609465504
2019_1268_1293,0.4083994330316636
2019_1268_1295,0.7397651611934009
2019_1268_1297,0.6542292856222707
2019_1268_1300,0.8018677927234432
2019_1268_1305,0.5098090050985481
2019_1268_1308,0.4808626567032843
2019_1268_1314,0.12489488337250321
2019_1268_1318,0.5882309045645787
2019_1268_1326,0.09275209245606764
2019_1268_1328,0.4465064390077743
2019_1268_1330,0.9532858349364545
2019_1268_1332,0.6384200963827025
2019_1268_1341,0.5628601676095871
2019_1268_1345,0.2006246210297008
2019_1268_1371,0.09868130445691603
2019_1268_1385,0.37764386831627617
2019_1268_1387,0.7447160477758294
2019_1268_1388,0.6105255527925175
2019_1268_1393,0.021330843890756457
2019_1268_1396,0.25656783050559495
2019_1268_1397,0.07204744228137927
2019_1268_1403,0.8917409236120093
2019_1268_1414,0.49846303880282117
2019_1268_1416,0.37050410130798184
2019_1268_1429,0.7315405798763
2019_1268_1433,0.13621871780152006
2019_1268_1436,0.8748262541796572
2019_1268_1437,0.1568652876397867
2019_1268_1438,0.529665256136937
2019_1268_1439,0.989797419849283
2019_1268_1449,0.11522669214006298
2019_1268_1458,0.26803864918719233
2019_1268_1459,0.7616629375061118
2019_1268_1463,0.9213874599408666
2019_1276_1277,0.5449690734025674
2019_1276_1278,0.8003996826983184
2019_1276_1279,0.7773027548011426
2019_1276_1280,0.08595347346224114
2019_1276_1285,0.5459175891396666
2019_1276_1293,0.3520287991412241
2019_1276_1295,0.8329210232799024
2019_1276_1297,0.8620565018003047
2019_1276_1300,0.9851129391748693
2019_1276_1305,0.9782503319908509
2019_1276_1308,0.3010305915295607
2019_1276_1314,0.9582831874093151
2019_1276_1318,0.7888275735039958
2019_1276_1326,0.8502687536864816
2019_1276_1328,0.5652829997082823
2019_1276_1330,0.12541645263736534
2019_1276_1332,0.8559158488859502
2019_1276_1341,0.4940807417649612
2019_1276_1345,0.46714337534454675
2019_1276_1371,0.6056724124695181
2019_1276_1385,0.19039614369323588
2019_1276_1387,0.4778999518803406
2019_1276_1388,0.46860506919901734
2019_1276_1393,0.59574930763431
2019_1276_1396,0.9217219658958399
2019_1276_1397,0.2854033590900139
2019_1276_1403,0.19397215740841833
2019_1276_1414,0.8578105109507016
2019_1276_1416,0.4084518886919306
2019_1276_1429,0.5849732075513738
2019_1276_1433,0.21610816124941512
2019_1276_1436,0.5542439532653136
2019_1276_1437,0.5292966269509211
2019_1276_1438,0.8218253091100423
2019_1276_1439,0.2545159366744717
2019_1276_1449,0.7688383314385078
2019_1276_1458,0.59778712401552
2019_1276_1459,0.44028075388741716
2019_1276_1463,0.9039037182397963
2019_1277_1278,0.3266268115315121
2019_1277_1279,0.7643960145112567
2019_1277_1280,0.5576964735261395
2019_1277_1285,0.5521819410277699
2019_1277_1293,0.7675205335861232
2019_1277_1295,0.6463431357560444
2019_1277_1297,0.374225431700426
2019_1277_1300,0.5967756861144425
2019_1277_1305,0.8884622117736308
2019_1277_1308,0.2783400182961765
2019_1277_1314,0.6514404321181552
2019_1277_1318,0.02245976134992933
2019_1277_1326,0.5687070513741974
2019_1277_1328,0.6466005754372249
2019_1277_1330,0.7524645072635191
2019_1277_1332,0.4585181969189521
2019_1277_1341,0.9849504052455313
2019_1277_1345,0.479038511991033
2019_1277_1371,0.40017281394371074
2019_1277_1385,0.7916836793689151
2019_1277_1387,0.8846727128658586
2019_1277_1388,0.5153036330730929
2019_1277_1393,0.45621044476438444
2019_1277_1396,0.060397875089577724
2019_1277_1397,0.6895404566192684
2019_1277_1403,0.05662401314265786
2019_1277_1414,0.5743877495183974
2019_1277_1416,0.37685147331745883
2019_1277_1429,0.7674939713782795
2019_1277_1433,0.7874156925513986
2019_1277_1436,0.6439845280132608
2019_1277_1437,0.8397251717353628
2019_1277_1438,0.621133371714691
2019_1277_1439,0.8929332839181537
2019_1277_1449,0.11601959903828007
2019_1277_1458,0.980716643500543
2019_1277_1459,0.38910576076134507
2019_1277_1463,0.02134061340330995
2019_1278_1279,0.03595143544229773
2019_1278_1280,0.1876736468829736
2019_1278_1285,0.5816280774019239
2019_1278_1293,0.6709919491418479
2019_1278_1295,0.6957257013665291
2019_1278_1297,0.2785505037796948
2019_1278_1300,0.6293785963989094
2019_1278_1305,0.10494377468221261
2019_1278_1308,0.4170441520175181
2019_1278_1314,0.6707519159993628
2019_1278_1318,0.3036928948440827
2019_1278_1326,0.14477337135398127
2019_1278_1328,0.48303197224990213
2019_1278_1330,0.7878426357888646
2019_1278_1332,0.690744465809502
2019_1278_1341,0.514714416655032
2019_1278_1345,0.30940415117689135
2019_1278_1371,0.807456889518227
2019_1278_1385,0.6447521518606083
2019_1278_1387,0.4641764291030943
2019_1278_1388,0.5615397592133322
2019_1278_1393,0.3409009731845857
2019_1278_1396,0.37966053102834496
2019_1278_1397,0.0071238776715725205
2019_1278_1403,0.9359026594378836
2019_1278_1414,0.44541933872262296
2019_1278_1416,0.7254171831320685
2019_1278_1429,0.13702453967391592
2019_1278_1433,0.10447418567042277
2019_1278_1436,0.960478072690608
2019_1278_1437,0.8070560968216436
2019_1278_1438,0.18696376717688168
2019_1278_1439,0.08668979744270389
2019_1278_1449,0.24087411410398618
2019_1278_1458,0.6899919225317767
2019_1278_1459,0.46817590939035647
2019_1278_1463,0.5145406668266086
2019_1279_1280,0.28881913934159764
2019_1279_1285,0.32372531509952995
2019_1279_1293,0.9164865017451419
2019_1279_1295,0.892133522187579
2019_1279_1297,0.2174216419618299
2019_1279_1300,0.578493058203027
2019_1279_1305,0.9341845228998737
2019_1279_1308,0.7312378721413813
2019_1279_1314,0.6885315040105945
2019_1279_1318,0.19389623655184163
2019_1279_1326,0.32888303320561485
2019_1279_1328,0.49755934777822464
2019_1279_1330,0.28529476684025157
2019_1279_1332,0.513045656651782
2019_1279_1341,0.1557605935399301
2019_1279_1345,0.9576739850894326
2019_1279_1371,0.5449661227439899
2019_1279_1385,0.9807698256810253
2019_1279_1387,0.9964671270809481
2019_1279_1388,0.7500984421694921
2019_1279_1393,0.6782652034409995
2019_1279_1396,0.011716188500945357
2019_1279_1397,0.572683166338547
2019_1279_1403,0.802980658308756
2019_1279_1414,0.15515158646556737
2019_1279_1416,0.24734801846079502
2019_1279_1429,0.2697169599411249
2019_1279_1433,0.3786577414325606
2019_1279_1436,0.016395449897877
2019_1279_1437,0.5936192520697493
2019_1279_1438,0.16337437039307245
2019_1279_1439,0.9162953211132755
2019_1279_1449,0.29820318065112084
2019_1279_1458,0.5918771917737167
2019_1279_1459,0.1190897748137395
2019_1279_1463,0.5811518896063119
2019_1280_1285,0.66934339108333
2019_1280_1293,0.506107214850374
2019_1280_1295,0.08923501266854039
2019_1280_1297,0.7586494589305782
2019_1280_1300,0.5101279683821471
2019_1280_1305,0.9250254944018551
2019_1280_1308,0.7584179191012346
2019_1280_1314,0.5088043972335321
2019_1280_1318,0.5553853524418808
2019_1280_1326,0.5125189192777638
2019_1280_1328,0.21888419814439952
2019_1280_1330,0.8376033730829835
2019_1280_1332,0.3972009068588639
2019_1280_1341,0.5674092377473677
2019_1280_1345,0.10711441135052036
2019_1280_1371,0.520935136932868
2019_1280_1385,0.7216086112643206
2019_1280_1387,0.007697248606106766
2019_1280_1388,0.18444638450901196
2019_1280_1393,0.5680732898293999
2019_1280_1396,0.43007133753828164
2019_1280_1397,0.3282195266842388
2019_1280_1403,0.7219560203110311
2019_1280_1414,0.2760169821934
2019_1280_1416,0.8385089997102397
2019_1280_1429,0.18026474165244066
2019_1280_1433,0.5149433609109644
2019_1280_1436,0.7341541550310192
2019_1280_1437,0.015543541492694657
2019_1280_1438,0.3596978067817336
2019_1280_1439,0.8679557836757182
2019_1280_1449,0.6689417934438421
2019_1280_1458,0.5917969306450985
2019_1280_1459,0.9502942652860263
2019_1280_1463,0.6531799802336379
2019_1285_1293,0.41529361539661314
2019_1285_1295,0.9523881018129486
2019_1285_1297,0.004274451516670386
2019_1285_1300,0.37903620091691614
2019_1285_1305,0.7251331710242847
2019_1285_1308,0.19651851281324406
2019_1285_1314,0.8568632399837212
2019_1285_1318,0.9345845847630015
2019_1285_1326,0.11987742501817766
2019_1285_1328,0.9934195232806865
2019_1285_1330,0.9921804507212162
2019_1285_1332,0.2945278776556648
2019_1285_1341,0.16717732597855273
2019_1285_1345,0.4758595702692141
2019_1285_1371,0.7127264431792295
2019_1285_1385,0.674041953075386
2019_1285_1387,0.9787976131494422
2019_1285_1388,0.5584344000674119
2019_1285_1393,0.4386066191830521
2019_1285_1396,0.6412729515162687
2019_1285_1397,0.02509774333518644
2019_1285_1403,0.487869005537209
2019_1285_1414,0.25609290020384146
2019_1285_1416,0.8972217207226632
2019_1285_1429,0.22659708261121825
2019_1285_1433,0.6637461118946553
2019_1285_1436,0.9417901073866599
2019_1285_1437,0.2749793673004425
2019_1285_1438,0.3284824090102473
2019_1285_1439,0.7583019029541225
2019_1285_1449,0.21089080832996576
2019_1285_1458,0.13411805571815671
2019_1285_1459,0.987013632394161
2019_1285_1463,0.5283474404864277
2019_1293_1295,0.20658705764347962
2019_1293_1297,0.5895460207035499
2019_1293_1300,0.22675098667907612
2019_1293_1305,0.6839106234736123
2019_1293_1308,0.17195311270189195
2019_1293_1314,0.7700049400113415
2019_1293_1318,0.21736572764760742
2019_1293_1326,0.8696009803935922
2019_1293_1328,0.12626759868704185
2019_1293_1330,0.19930105393851305
2019_1293_1332,0.6243435871446773
2019_1293_1341,0.916302824772539
2019_1293_1345,0.44800461590844187
2019_1293_1371,0.1767736229137158
2019_1293_1385,0.2455339866121552
2019_1293_1387,0.8836790570356177
2019_1293_1388,0.2759079100922517
2019_1293_1393,0.3330741750757723
2019_1293_1396,0.5894704658514517
2019_1293_1397,0.11094136256642417
2019_1293_1403,0.2259900466076764
2019_1293_1414,0.8664905769104289
2019_1293_1416,0.8507753380485793
2019_1293_1429,0.40385098477506076
2019_1293_1433,0.9319241372055643
2019_1293_1436,0.7437633925004989
2019_1293_1437,0.92262239014389
2019_1293_1438,0.150562389376657
2019_1293_1439,0.7397772525067488
2019_1293_1449,0.772978890176497
2019_1293_1458,0.9232669567018484
2019_1293_1459,0.7759237347931472
2019_1293_1463,0.6651082324143744
2019_1295_1297,0.7058074359246019
2019_1295_1300,0.15901825244974244
2019_1295_1305,0.553329570836341
2019_1295_1308,0.3686336305951585
2019_1295_1314,0.9088336879688473
2019_1295_1318,0.1712919723204689
2019_1295_1326,0.946974590090433
2019_1295_1328,0.4097501220429184
2019_1295_1330,0.4807513435509203
2019_1295_1332,0.6716383239664857
2019_1295_1341,0.8835200114857605
2019_1295_1345,0.2622931597794398
2019_1295_1371,0.8022923108190836
2019_1295_1385,0.21912348883536337
2019_1295_1387,0.11508565900793488
2019_1295_1388,0.19997271752046553
2019_1295_1393,0.3450405755192688
2019_1295_1396,0.8547206027178561
2019_1295_1397,0.7482527247129201
2019_1295_1403,0.49702153133701754
2019_1295_1414,0.008628346556573852
2019_1295_1416,0.12643450207979212
2019_1295_1429,0.36163630299201255
2019_1295_1433,0.07199285149955659
2019_1295_1436,0.49181105327669816
2019_1295_1437,0.20184611369697447
2019_1295_1438,0.41648579316350665
2019_1295_1439,0.9242202849060025
2019_1295_1449,0.5929572116154859
2019_1295_1458,0.9340620942693716
2019_1295_1459,0.46310367275981124
2019_1295_1463,0.19684688182315369
2019_1297_1300,0.7178202110604438
2019_1297_1305,0.50957636195978
2019_1297_1308,0.9490907558969229
2019_1297_1314,0.5321485254399644
2019_1297_1318,0.8538467558633762
2019_1297_1326,0.7054458395872099
2019_1297_1328,0.626248374839447
2019_1297_1330,0.3464648058710055
2019_1297_1332,0.13520303239505382
2019_1297_1341,0.3338833727995406
2019_1297_1345,0.28810072021867594
2019_1297_1371,0.22245699508081596
2019_1297_1385,0.922234358315675
2019_1297_1387,0.5259797057796455
2019_1297_1388,0.03186537761094732
2019_1297_1393,0.05814215247420851
2019_1297_1396,0.21922286944192249
2019_1297_1397,0.30004365353166396
2019_1297_1403,0.3200460841133279
2019_1297_1414,0.19138667624787242
2019_1297_1416,0.7342855317453392
2019_1297_1429,0.7788248780819113
2019_1297_1433,0.6776335361589519
2019_1297_1436,0.8918892614810605
2019_1297_1437,0.9892791546417121
2019_1297_1438,0.06709816504967925
2019_1297_1439,0.18951059822027772
2019_1297_1449,0.27236704462335515
2019_1297_1458,0.11820412259827828
2019_1297_1459,0.3848284293445541
2019_1297_1463,0.8204243498560065
2019_1300_1305,0.5216167956011157
2019_1300_1308,0.6921564923853214
2019_1300_1314,0.9878531863311486
2019_1300_1318,0.7098337097719831
2019_1300_1326,0.7282681713993996
2019_1300_1328,0.15095745088597434
2019_1300_1330,0.3785322190636452
2019_1300_1332,0.994910938359572
2019_1300_1341,0.8878826205346005
2019_1300_1345,0.49489480458267
2019_1300_1371,0.5364379288746688
2019_1300_1385,0.7006491884868905
2019_1300_1387,0.5725539454159843
2019_1300_1388,0.3679375926493764
2019_1300_1393,0.18159513732998067
2019_1300_1396,0.6905019036021753
2019_1300_1397,0.5636634665103787
2019_1300_1403,0.1023907779933898
2019_1300_1414,0.8966878648596553
2019_1300_1416,0.7148472003225571
2019_1300_1429,0.46091402576827867
2019_1300_1433,0.6933804058040105
2019_1300_1436,0.22257454682050282
2019_1300_1437,0.543410661195115
2019_1300_1438,0.19302789270710852
2019_1300_1439,0.5014464654713611
2019_1300_1449,0.7541506552051876
2019_1300_1458,0.29536059221525257
2019_1300_1459,0.41896708930627824
2019_1300_1463,0.21696363912111094
2019_1305_1308,0.9287729227007543
2019_1305_1314,0.7148279303636822
2019_1305_1318,0.7323760548598499
2019_1305_1326,0.8820384920096928
2019_1305_1328,0.9862149267479083
2019_1305_1330,0.4583633121677271
2019_1305_1332,0.3573341978629545
2019_1305_1341,0.9333104688342095
2019_1305_1345,0.32112359786496303
2019_1305_1371,0.29938050776656944
2019_1305_1385,0.3707077969572665
2019_1305_1387,0.1816558370041228
2019_1305_1388,0.20490336843710377
2019_1305_1393,0.021559976113046275
2019_1305_1396,0.08191037413033997
2019_1305_1397,0.5823604058277906
2019_1305_1403,0.602480880787468
2019_1305_1414,0.8108383199786486
2019_1305_1416,0.9776378588911678
2019_1305_1429,0.7090505936389626
2019_1305_1433,0.37359268373633037
2019_1305_1436,0.7947711536176797
2019_1305_1437,0.7974739605630452
2019_1305_1438,0.5305141021480276
2019_1305_1439,0.3634090589690985
2019_1305_1449,0.9005532650522003
2019_1305_1458,0.49099319133884645
2019_1305_1459,0.9256856718216918
2019_1305_1463,0.3845181622685747
2019_1308_1314,0.7927651214145268
2019_1308_1318,0.8704356677630112
2019_1308_1326,0.8146470732321571
2019_1308_1328,0.7563546125348621
2019_1308_1330,0.7815986851340077
2019_1308_1332,0.039573728266056096
2019_1308_1341,0.9604718025997563
2019_1308_1345,0.6115281060673154
2019_1308_1371,0.6420670824735574
2019_1308_1385,0.18279703622564802
2019_1308_1387,0.5405027868567447
2019_1308_1388,0.44899254497370356
2019_1308_1393,0.5235659665668697
2019_1308_1396,0.6030753021210388
2019_1308_1397,0.31700764784217916
2019_1308_1403,0.30034794238263207
2019_1308_1414,0.4785431901626567
2019_1308_1416,0.7365038941926684
2019_1308_1429,0.030339545451272376
2019_1308_1433,0.02777799665458669
2019_1308_1436,0.45754247130024583
2019_1308_1437,0.5520843841855037
2019_1308_1438,0.6619132076550219
2019_1308_1439,0.3569811763027928
2019_1308_1449,0.3068887837541977
2019_1308_1458,0.9102939862135326
2019_1308_1459,0.5001689286677459
2019_1308_1463,0.17272830930183525
2019_1314_1318,0.17559645805430357
2019_1314_1326,0.788622905244689
2019_1314_1328,0.11997625261768663
2019_1314_1330,0.7318629750372222
2019_1314_1332,0.49357128138742556
2019_1314_1341,0.45210101844903106
2019_1314_1345,0.8267676448829715
2019_1314_1371,0.9527432997872567
2019_1314_1385,0.14059434788249814
2019_1314_1387,0.43005359246617614
2019_1314_1388,0.4140729532301861
2019_1314_1393,0.9553426530876933
2019_1314_1396,0.9774239348293805
2019_1314_1397,0.5468705440151019
2019_1314_1403,0.1214456578987414
2019_1314_1414,0.901595725945357
2019_1314_1416,0.2994780047248725
2019_1314_1429,0.5124761646060308
2019_1314_1433,0.29352771025610336
2019_1314_1436,0.6934590342987419
2019_1314_1437,0.3858686936454505
2019_1314_1438,0.7888951770168375
2019_1314_1439,0.9117971234310472
2019_1314_1449,0.507889153660685
2019_1314_1458,0.09112151313508388
2019_1314_1459,0.4445673799379176
2019_1314_1463,0.401937382504982
2019_1318_1326,0.3006335921458537
2019_1318_1328,0.4402291679324959
2019_1318_1330,0.9230927075947474
2019_1318_1332,0.5128674534564261
2019_1318_1341,0.8868165284604455
2019_1318_1345,0.9045088095946596
2019_1318_1371,0.34891850340324126
2019_1318_1385,0.11738417760851305
2019_1318_1387,0.09240991925908504
2019_1318_1388,0.21851008820874862
2019_1318_1393,0.2976247367695779
2019_1318_1396,0.373549383868523
2019_1318_1397,0.014969692373747678
2019_1318_1403,0.6962352960829623
2019_1318_1414,0.12897771147140003
2019_1318_1416,0.2389078519180995
2019_1318_1429,0.37724753838811553
2019_1318_1433,0.17080986370136286
2019_1318_1436,0.7909009114701067
2019_1318_1437,0.8799623622282589
2019_1318_1438,0.7369630249973784
2019_1318_1439,0.3983089189774355
2019_1318_1449,0.13065713469930018
2019_1318_1458,0.7656763999496735
2019_1318_1459,0.18481145447860636
2019_1318_1463,0.22541186379713196
2019_1326_1328,0.5353322698655074
2019_1326_1330,0.13975564403647345
2019_1326_1332,0.10892362169106218
2019_1326_1341,0.9162313291155213
2019_1326_1345,0.8647841918988473
2019_1326_1371,0.0672458594535047
2019_1326_1385,0.28092072809269497
2019_1326_1387,0.8763696827495195
2019_1326_1388,0.3335262202770667
2019_1326_1393,0.8772645701839955
2019_1326_1396,0.13368490411641487
2019_1326_1397,0.7413207558259238
2019_1326_1403,0.1811789023535484
2019_1326_1414,0.21873379116679503
2019_1326_1416,0.5753577119912251
2019_1326_1429,0.2550409459937947
2019_1326_1433,0.28591947709970966
2019_1326_1436,0.7225517552885884
2019_1326_1437,0.01857524727279236
2019_1326_1438,0.34726314723180485
2019_1326_1439,0.9801573721669286
2019_1326_1449,0.5085795884791298
2019_1326_1458,0.7980753072254806
2019_1326_1459,0.7364714170789588
2019_1326_1463,0.8255919879240403
2019_1328_1330,0.09852894163102754
2019_1328_1332,0.8368243201349997
2019_1328_1341,0.8222594103979476
2019_1328_1345,0.8060278959017763
2019_1328_1371,0.35992045691801755
2019_1328_1385,0.7295111654254488
2019_1328_1387,0.9159398581123835
2019_1328_1388,0.05093055878654018
2019_1328_1393,0.5318946621935305
2019_1328_1396,0.058256370793028034
2019_1328_1397,0.5254264662012361
2019_1328_1403,0.8385174460725178
2019_1328_1414,0.2077009807274548
2019_1328_1416,0.43702240525135705
2019_1328_1429,0.2687721812113699
2019_1328_1433,0.5210529912215951
2019_1328_1436,0.5834543125271567
2019_1328_1437,0.03509098939289901
2019_1328_1438,0.3081957076136279
2019_1328_1439,0.46991174277333536
2019_1328_1449,0.18355007039887028
2019_1328_1458,0.15722949616956117
2019_1328_1459,0.034246974007071884
2019_1328_1463,0.8258505269959069
2019_1330_1332,0.6171161792586476
2019_1330_1341,0.2134808460415485
2019_1330_1345,0.2454055360707914
2019_1330_1371,0.6403043519197978
2019_1330_1385,0.440738381166243
2019_1330_1387,0.4654154893028123
2019_1330_1388,0.3946800384261162
2019_1330_1393,0.770331093330077
2019_1330_1396,0.8204253766412003
2019_1330_1397,0.20772966570364448
2019_1330_1403,0.8565198816097476
2019_1330_1414,0.8027354092639059
2019_1330_1416,0.7254132420291879
2019_1330_1429,0.13852200452819474
2019_1330_1433,0.13945360476537894
2019_1330_1436,0.85820141201496
2019_1330_1437,0.47237045369786346
2019_1330_1438,0.06320362537166402
2019_1330_1439,0.35041382338029514
2019_1330_1449,0.9997501887746763
2019_1330_1458,0.845037247682193
2019_1330_1459,0.46024125970499186
2019_1330_1463,0.3780008975880508
2019_1332_1341,0.3806540658236903
2019_1332_1345,0.9483004464562171
2019_1332_1371,0.5697729919403638
2019_1332_1385,0.0011694030521771648
2019_1332_1387,0.909805417708986
2019_1332_1388,0.818144157028365
2019_1332_1393,0.26092398392009697
2019_1332_1396,0.3883709055568597
2019_1332_1397,0.7611685208419317
2019_1332_1403,0.4996126424935623
2019_1332_1414,0.5893822823308856
2019_1332_1416,0.005300137149637618
2019_1332_1429,0.2018841183546516
2019_1332_1433,0.07008167807187049
2019_1332_1436,0.06895912204775512
2019_1332_1437,0.7190587056421397
2019_1332_1438,0.180531153703271
2019_1332_1439,0.32350141050665715
2019_1332_1449,0.9618517530336923
2019_1332_1458,0.09484563595880591
2019_1332_1459,0.7188736408275848
2019_1332_1463,0.9325443276076917
2019_1341_1345,0.0726835022960296
2019_1341_1371,0.6698062758994933
2019_1341_1385,0.5468643366180531
2019_1341_1387,0.5565398735821321
2019_1341_1388,0.09870360374800125
2019_1341_1393,0.4629926113677666
2019_1341_1396,0.7869425252860252
2019_1341_1397,0.8454714808955112
2019_1341_1403,0.7465011627687561
2019_1341_1414,0.9598403373045348
2019_1341_1416,0.8227299516742925
2019_1341_1429,0.7712244527654253
2019_1341_1433,0.46555306471588465
2019_1341_1436,0.7309506894689655
2019_1341_1437,0.7326359133714171
2019_1341_1438,0.7852624234615593
2019_1341_1439,0.4143931227151829
2019_1341_1449,0.9764688701153276
2019_1341_1458,0.6019543542171872
2019_1341_1459,0.018121564474948393
2019_1341_1463,0.4562994490109892
2019_1345_1371,0.05065631053184505
2019_1345_1385,0.7998774840407314
2019_1345_1387,0.2582013324416841
2019_1345_1388,0.05063966901296091
2019_1345_1393,0.42980642115734313
2019_1345_1396,0.011620215059847339
2019_1345_1397,0.8622911436457541
2019_1345_1403,0.16096118929295855
2019_1345_1414,0.20090162255948973
2019_1345_1416,0.5779999218889876
2019_1345_1429,0.44476121713044336
2019_1345_1433,0.7733414429646168
2019_1345_1436,0.7540823783837334
2019_1345_1437,0.7373874988929285
2019_1345_1438,0.4381277462873445
2019_1345_1439,0.7565941136270432
2019_1345_1449,0.5753800088636752
2019_1345_1458,0.13788069948489257
2019_1345_1459,0.16457861632741455
2019_1345_1463,0.4632959605285284
2019_1371_1385,0.8342198491730695
2019_1371_1387,0.016098028304390333
2019_1371_1388,0.772745136773032
2019_1371_1393,0.39614655440463065
2019_1371_1396,0.017259215054265087
2019_1371_1397,0.349101738861053
2019_1371_1403,0.0028477222804279556
2019_1371_1414,0.022639248305983073
2019_1371_1416,0.07302087318399664
2019_1371_1429,0.8295076249336696
2019_1371_1433,0.5774570729705346
2019_1371_1436,0.8302011219992791
2019_1371_1437,0.884595279501124
2019_1371_1438,0.5268814211454078
2019_1371_1439,0.25235510278689344
2019_1371_1449,0.8492998784847171
2019_1371_1458,0.271287609718313
2019_1371_1459,0.5035104526155816
2019_1371_1463,0.6307078535734386
2019_1385_1387,0.3304829413855821
2019_1385_1388,0.0437525593779049
2019_1385_1393,0.772814518897904
2019_1385_1396,0.34358928924550936
2019_1385_1397,0.28147684909056003
2019_1385_1403,0.4076698077169837
2019_1385_1414,0.9798582737187745
2019_1385_1416,0.3085105980901228
2019_1385_1429,0.31423367860652107
2019_1385_1433,0.4557490371671824
2019_1385_1436,0.954150881041191
2019_1385_1437,0.6680073605446478
2019_1385_1438,0.9399441554628364
2019_1385_1439,0.1556334590264986
2019_1385_1449,0.9373723267983843
2019_1385_1458,0.5391705507130425
2019_1385_1459,0.7390618297959914
2019_1385_1463,0.04852278022648937
2019_1387_1388,0.6111274087943805
2019_1387_1393,0.6688254523479906
2019_1387_1396,0.30454928134049397
2019_1387_1397,0.06072436207771437
2019_1387_1403,0.25477601065239
2019_1387_1414,0.11769544319083303
2019_1387_1416,0.6687442319720948
2019_1387_1429,0.31101520814466765
2019_1387_1433,0.652557217060795
2019_1387_1436,0.028836506861331546
2019_1387_1437,0.4882999986949028
2019_1387_1438,0.7989329668281164
2019_1387_1439,0.4849238694988146
2019_1387_1449,0.29861265080437416
2019_1387_1458,0.21869853912332726
2019_1387_1459,0.9650174324446132
2019_1387_1463,0.8968051817281976
2019_1388_1393,0.9918063717282853
2019_1388_1396,0.24150661590792522
2019_1388_1397,0.9904620786808955
2019_1388_1403,0.6422499364490709
2019_1388_1414,0.9909984982225417
2019_1388_1416,0.3392462539555795
2019_1388_1429,0.004549582107755135
2019_1388_1433,0.9740525056956263
2019_1388_1436,0.5951951153224044
2019_1388_1437,0.07298693656462563
2019_1388_1438,0.5990212437217824
2019_1388_1439,0.1539223902995831
2019_1388_1449,0.18159125619800898
2019_1388_1458,0.36439387451866445
2019_1388_1459,0.1826605731491604
2019_1388_1463,0.9246595901914365
2019_1393_1396,0.34634900577590455
2019_1393_1397,0.032719936515047565
2019_1393_1403,0.20862767675885519
2019_1393_1414,0.3841660711306284
2019_1393_1416,0.6804472580808653
2019_1393_1429,0.399294875080099
2019_1393_1433,0.5001771991891947
2019_1393_1436,0.7619168305704944
2019_1393_1437,0.24183342122533757
2019_1393_1438,0.8569712166145044
2019_1393_1439,0.6419109346676365
2019_1393_1449,0.17014004357392287
2019_1393_1458,0.5432527453692905
2019_1393_1459,0.773577014761772
2019_1393_1463,0.8873117039257881
2019_1396_1397,0.37374465141933466
2019_1396_1403,0.0627535070321027
2019_1396_1414,0.8035984707772021
2019_1396_1416,0.361688047086138
2019_1396_1429,0.2897249702724315
2019_1396_1433,0.4479316867016089
2019_1396_1436,0.7386058283378168
2019_1396_1437,0.7159454752272133
2019_1396_1438,0.23773550048572678
2019_1396_1439,0.5200238293690598
2019_1396_1449,0.3746186146633266
2019_1396_1458,0.8765153287025621
2019_1396_1459,0.0017238577946894207
2019_1396_1463,0.12909998497634345
2019_1397_1403,0.631589404233987
2019_1397_1414,0.006979481274344779
2019_1397_1416,0.44039706720562455
2019_1397_1429,0.1328846453222532
2019_1397_1433,0.36448096377249684
2019_1397_1436,0.16182014133193034
2019_1397_1437,0.6215755088357593
2019_1397_1438,0.06711334314411543
2019_1397_1439,0.3847214748312594
2019_1397_1449,0.6325945492674587
2019_1397_1458,0.16303887842443787
2019_1397_1459,0.07537925225500819
2019_1397_1463,0.22696611356424834
2019_1403_1414,0.6227666222926225
2019_1403_1416,0.7957779712174162
2019_1403_1429,0.4415706540788725
2019_1403_1433,0.2570954948190277
2019_1403_1436,0.2686223250458347
2019_1403_1437,0.00946088750671159
2019_1403_1438,0.6324696033631364
2019_1403_1439,0.36853406518806087
2019_1403_1449,0.3587544679162141
2019_1403_1458,0.6860004971671386
2019_1403_1459,0.056066965691095705
2019_1403_1463,0.6915096910509855
2019_1414_1416,0.5192646573425751
2019_1414_1429,0.16470378824503484
2019_1414_1433,0.5300409228922607
2019_1414_1436,0.03508370492763213
2019_1414_1437,0.6856822265381254
2019_1414_1438,0.3051899491205007
2019_1414_1439,0.9421783900421903
2019_1414_1449,0.9355188166925581
2019_1414_1458,0.5480300837530184
2019_1414_1459,0.3043112713191606
2019_1414_1463,0.6612139994789578
2019_1416_1429,0.14746304521568843
2019_1416_1433,0.1005142973644585
2019_1416_1436,0.2832204672145149
2019_1416_1437,0.11447207445576457
2019_1416_1438,0.41095017326779626
2019_1416_1439,0.4198383120582221
2019_1416_1449,0.7641243709678928
2019_1416_1458,0.22311398994208365
2019_1416_1459,0.33391374722163725
2019_1416_1463,0.724291718542725
2019_1429_1433,0.6824956549848062
2019_1429_1436,0.7298998333375191
2019_1429_1437,0.11353073234001254
2019_1429_1438,0.06286087229538806
2019_1429_1439,0.1001391968670523
2019_1429_1449,0.07272915502499544
2019_1429_1458,0.6786970960083898
2019_1429_1459,0.15632500037658714
2019_1429_1463,0.1986345994323364
2019_1433_1436,0.2501936184863506
2019_1433_1437,0.1881831843211943
2019_1433_1438,0.3241447952011385
2019_1433_1439,0.4504571530022782
2019_1433_1449,0.2975922657106128
2019_1433_1458,0.6736003179771992
2019_1433_1459,0.3309882657375809
2019_1433_1463,0.8381865577523583
2019_1436_1437,0.42862000093020425
2019_1436_1438,0.680647375635703
2019_1436_1439,0.792248682948408
2019_1436_1449,0.08773014258432055
2019_1436_1458,0.5282996135287051
2019_1436_1459,0.11340433916195825
2019_1436_1463,0.6183192031918716
2019_1437_1438,0.8788524047793399
2019_1437_1439,0.6654404966303988
2019_1437_1449,0.595255029788239
2019_1437_1458,0.31259615744758296
2019_1437_1459,0.3478596589677546
2019_1437_1463,0.1696246984739994
2019_1438_1439,0.3009659631079994
2019_1438_1449,0.41928480778222244
2019_1438_1458,0.8815245734870337
2019_1438_1459,0.47481242671072876
2019_1438_1463,0.2293974633182525
2019_1439_1449,0.797350266967456
2019_1439_1458,0.627222319208324
2019_1439_1459,0.5518440636840873
2019_1439_1463,0.7603488878292071
2019_1449_1458,0.29169656773279595
2019_1449_1459,0.09765394246507064
2019_1449_1463,0.4953050112393218
2019_1458_1459,0.4396209436986076
2019_1458_1463,0.9165698278215005
2019_1459_1463,0.20135441110747998
